$ Mono, 10pt,   column  width   17mm,   no spacing      
$2345678                                                
                                                        
$payloadnodes   ref is  2meters in frontof nose         
$ GRID        ID      CP      X1      X2      X3      CD
$ GRID    777001           5.302   0.000   0.000        
$ GRID    777002          10.128   0.000   0.000        
$ GRID    777003          14.954   0.000   0.000        
                                                        
                                                        
$payloadmass    model                                   
$crew eq     EID       G     CID       M      X1      X2      X3
$            I11     I21     I22     I31     I32     I33
CONM2     707001  100003      -1 746.000   5.302   0.000   0.000
           0.000   0.000   0.000   0.000   0.000   0.000
CONM2     707002  100005      -11543.000  10.128   0.000   0.000
           0.000   0.000   0.000   0.000   0.000   0.000
CONM2     707003  100008      -1 231.000  14.954   0.000   0.000
           0.000   0.000   0.000   0.000   0.000   0.000
